subject,active_rms,rest_rms,active_rest_ratio,flat_channels
1,1.383775892095712e-05,3.3614766604816923e-06,4.116571470995785,0
2,3.333583637127981e-05,8.151607997156953e-06,4.0894798158726955,0
3,0.0001645224551363328,3.180560591788071e-05,5.17275022400502,0
4,1.9780492901615635e-05,1.334378108522203e-05,1.4823754058377152,0
5,2.258227672409533e-05,1.698594291519912e-05,1.3294685397705286,0
6,4.0772132771910494e-06,3.367852344284807e-06,1.2106270882421601,2
7,1.986258707006638e-06,1.9884946330003104e-06,0.9988755685046538,2
8,2.3533516806594298e-05,3.7395766384740796e-06,6.2930965405209776,0
9,1.932104320442585e-05,6.368980122258121e-06,3.033616502727532,0
10,1.0252855955456188e-05,9.000628082685745e-06,1.1391267210762013,0
11,3.3394006608338916e-05,7.92825715076037e-06,4.212023648241054,0
