dataset,subject,day,method,balanced_accuracy
DB6,1,day1,none,0.3574833581335035
DB6,1,day1,linear_probe,0.5374414588091541
DB6,1,day1,finetune,0.5462923864626448
DB6,1,day1,finetune_classic_gate,0.5350007233575768
DB6,1,day1,rapid,0.5538486231553748
DB6,1,day1,td_rf,0.5364342979899709
DB6,1,day5,none,0.37352422306098443
DB6,1,day5,linear_probe,0.5213837243235698
DB6,1,day5,finetune,0.5598899511293789
DB6,1,day5,finetune_classic_gate,0.5569336146135624
DB6,1,day5,rapid,0.5429309573245782
DB6,1,day5,td_rf,0.5311146457357598
DB6,2,day1,none,0.2632761544730674
DB6,2,day1,linear_probe,0.39306428247453884
DB6,2,day1,finetune,0.47914609273750386
DB6,2,day1,finetune_classic_gate,0.4946273500965396
DB6,2,day1,rapid,0.4275344968713057
DB6,2,day1,td_rf,0.4806560755290802
DB6,2,day5,none,0.24738793714206128
DB6,2,day5,linear_probe,0.2856479114123679
DB6,2,day5,finetune,0.2616842179506391
DB6,2,day5,finetune_classic_gate,0.28196402351544286
DB6,2,day5,rapid,0.3122661744606248
DB6,2,day5,td_rf,0.3081843815513516
DB6,6,day1,none,0.2309826294773501
DB6,6,day1,linear_probe,0.3338280779808943
DB6,6,day1,finetune,0.4168993774678522
DB6,6,day1,finetune_classic_gate,0.4055193502642752
DB6,6,day1,rapid,0.36125716895764237
DB6,6,day1,td_rf,0.39709667313140573
DB6,6,day5,none,0.20471486720435456
DB6,6,day5,linear_probe,0.27152154988849764
DB6,6,day5,finetune,0.29730319143300044
DB6,6,day5,finetune_classic_gate,0.2810289984028451
DB6,6,day5,rapid,0.2888387913659761
DB6,6,day5,td_rf,0.30461150558842687
